user_id,daily_posts
367770199,20
1241088,20
53419674,20
33632982,20
228364854,20
4647593,20
153764349,20
6424165,20
5355373,20
402418059,20
292697819,19
9641631,19
153610632,19
5640723,19
18273246,19
34690482,19
417516,19
7138048,19
41451787,19
76563731,19
123646688,19
238239799,19
149542403,19
46078129,19
41602459,18
248978856,18
40327872,18
200612358,17
117751896,16
6093576,16
140802188,15
105103702,15
121569339,15
32073393,15
4660834,14
126110886,14
372340132,14
29459928,13
34766936,13
159651924,13
99269709,13
235325715,13
67422075,12
168524447,12
70916162,12
111223589,12
25556513,12
5292879,12
10611635,12
4469781,12
9867891,11
468720008,11
225713529,11
90526665,11
47706343,11
103301897,11
8761179,11
34664542,11
337607950,11
179708863,11
9961153,11
247962894,11
831374,10
259005574,10
430608693,10
124700,10
5162211,10
140809700,10
138579347,10
5152453,10
1563935,9
30634222,9
309425156,9
360557738,9
97984789,9
6815279,9
20843,9
107637371,9
72155136,9
5265984,9
2273116,9
174945507,9
19899231,9
3079086,8
98407566,8
35027283,8
78323398,8
48028017,8
7969573,8
31652911,8
229816884,8
363382,8
89513232,8
29840,8
19526996,8
41320976,8
20007212,7
85051376,7
67851729,7
319200945,7
1536098,7
197920,7
2950993,7
5166088,7
186665747,7
62066925,7
151245820,7
16174219,7
347103016,7
178624017,7
99877464,7
13321413,7
7656559,7
206186029,7
8652764,7
1995581,7
327898895,6
1895814,6
5799533,6
87460467,6
158324395,6
74163458,6
2841065,6
18335403,6
170707293,6
159741458,6
219864,6
140519319,6
218787508,6
359919831,6
2818498,6
249033,6
1142961,6
4245434,6
138633048,6
141619440,6
167814351,6
104546567,6
3739592,6
151782261,6
37183230,6
356149270,6
22544678,6
22253483,6
232646501,6
4186901,5
10741303,5
374592954,5
153786500,5
31601543,5
154493744,5
4342559,5
12369273,5
138197001,5
37885305,5
1108806,5
14419833,5
1394248,5
57898464,5
5045881,5
81009457,5
387349714,5
30609460,5
48206922,5
99725451,5
1582932,5
104803164,5
96171463,5
8601438,5
321229793,5
26030188,5
38599330,5
19590443,5
84902945,5
148860590,5
397698334,5
15582892,5
30311754,5
8171543,5
25066984,5
76732507,5
1319434,5
1637612,5
24774134,5
133572842,5
389083831,5
1842091,5
1984544,5
23475292,5
12537087,5
15840840,5
12919446,5
318143902,5
134258368,5
23881149,5
223495372,5
183717247,4
2407844,4
64099249,4
33148310,4
228881752,4
248974,4
304562,4
146048518,4
159425740,4
1102013,4
5253182,4
33971098,4
62100672,4
94702997,4
296758313,4
313266,4
17905891,4
8537524,4
42734205,4
379447094,4
763167,4
97030793,4
45047363,4
230512214,4
3237429,4
226368200,4
38009900,4
378226372,4
180907583,4
6139587,4
3002419,4
18509354,4
103246332,4
669255,4
71774048,4
103790917,4
13655151,4
19800413,4
43051627,4
16814503,4
285135279,4
17620030,4
414525533,4
202568192,4
251442203,4
10331161,4
36710835,4
1493327,4
257359422,4
4383610,4
26913075,4
125613773,4
3787380,4
96498307,4
2111321,4
31861478,4
13645637,4
187805764,4
7041099,4
255913,4
3384129,4
2897948,4
22750001,4
457297028,4
27289499,4
141250966,4
10905941,4
168905835,4
28119442,4
68757905,4
85819396,4
122891806,4
4306239,4
90887910,4
19301329,3
114222909,3
1670042,3
30678047,3
4380483,3
4196690,3
9873901,3
43562014,3
1077396,3
138194340,3
167205644,3
2864298,3
9131391,3
76062,3
5253937,3
3975017,3
3206428,3
58470785,3
46192491,3
2170746,3
335408416,3
1975113,3
256589158,3
2827492,3
26832101,3
99433412,3
308215410,3
2518504,3
205736949,3
35257088,3
1690362,3
372373,3
16098067,3
20228830,3
121834262,3
104391379,3
2376556,3
91182727,3
41653146,3
80897597,3
1225505,3
131025745,3
54584381,3
4696049,3
5744309,3
54477451,3
166466382,3
9777058,3
18337312,3
11696724,3
858704,3
3232897,3
21808088,3
25808388,3
74431478,3
50527738,3
25906692,3
150852410,3
5082093,3
80871026,3
270568729,3
16940278,3
77609418,3
12468986,3
11741472,3
17176882,3
6323693,3
152140485,3
224771589,3
12097850,3
123514395,3
14764456,3
8712425,3
83060408,3
22848130,3
120944983,3
63252856,3
3377540,3
3174835,3
212271545,3
87548734,3
4531014,3
18056614,3
4731873,3
25787633,3
19632105,3
3345671,3
9344268,3
1034144,3
109016216,3
14257439,3
13234013,3
2046793,3
88206379,3
374846476,3
292966,3
24127920,3
35037389,3
155513760,3
64744867,3
28170781,3
8085217,3
84800425,3
11880963,3
114497584,3
1686174,3
32129745,3
77959296,3
412102776,3
293636207,3
1251433,3
97810540,3
28563422,3
12854715,3
186011813,3
2419973,3
83002429,3
252617988,3
143097094,3
3915003,3
18134160,3
112688463,3
14674535,3
1376263,3
5328727,3
157218342,3
325198297,3
121921015,3
2943447,3
6746580,3
150519514,3
92573157,3
135467511,3
2960313,3
150413714,3
155903416,3
145943938,3
4135169,3
8496540,3
58991201,3
45177458,3
2429893,3
59333962,3
59151,3
346225784,3
145572,3
72581428,3
64796533,3
45983267,3
188665746,3
9646522,3
199060129,3
20264933,3
115261648,3
50110436,3
2682374,3
12590488,3
150340919,3
169506863,3
97746680,3
16578073,3
176919958,3
6230378,3
79336429,3
496093,3
346821106,3
152458590,3
57337953,3
142128341,3
49234971,3
1296047,3
149069450,3
95322220,3
136221,3
6083681,3
1759563,3
76396141,3
9260498,3
12861828,3
2820425,3
339781950,3
22456515,2
1024773,2
4101808,2
288843515,2
46518039,2
52358470,2
101539367,2
11932981,2
277317639,2
90126068,2
46682891,2
57282572,2
120296243,2
97859284,2
90288164,2
58388666,2
15009392,2
5422857,2
19297047,2
68464648,2
63026726,2
93558394,2
5008052,2
7123739,2
1727182,2
21754020,2
53424,2
14709997,2
28993058,2
4897923,2
784094,2
186575489,2
2359007,2
8139439,2
178974223,2
7218523,2
78420435,2
47468762,2
923365,2
10056941,2
364684,2
26489322,2
1258215,2
193937019,2
30817,2
1730184,2
206763652,2
57781891,2
46867980,2
129137,2
16252236,2
25908601,2
185166564,2
20840570,2
78050019,2
4335743,2
61123189,2
42866264,2
261325562,2
77138672,2
335189824,2
410924550,2
372878717,2
9667437,2
11692026,2
6833524,2
4762997,2
89643551,2
1999510,2
17001324,2
23013354,2
13494071,2
116173672,2
95052645,2
97071059,2
25096139,2
119555480,2
798636,2
11977956,2
4106238,2
24416802,2
4241348,2
7807897,2
1288757,2
79276447,2
187062209,2
92776534,2
243157074,2
110890832,2
20473997,2
68431165,2
48036730,2
2069042,2
10219666,2
57198411,2
331437939,2
315621411,2
6428477,2
1443866,2
7538630,2
94440861,2
33752862,2
92093242,2
34690317,2
167937898,2
18100180,2
3259202,2
20528989,2
413843293,2
379567961,2
11261780,2
147447162,2
7171915,2
42108,2
7914125,2
115111919,2
15654701,2
66469152,2
43377965,2
1566578,2
1953958,2
12009390,2
191530243,2
77591204,2
46759623,2
2828206,2
4189617,2
142582,2
106667256,2
92325802,2
105951123,2
16253,2
158302097,2
24942480,2
251904845,2
19611360,2
111150982,2
13533061,2
51896308,2
165144779,2
1861408,2
9238274,2
6530002,2
125143480,2
277810151,2
4469732,2
4688867,2
272972761,2
100403624,2
292482694,2
1010251,2
190671,2
24211611,2
120807585,2
85439265,2
2402171,2
140853557,2
1095882,2
1686117,2
97130129,2
6689332,2
31357370,2
96580108,2
17471518,2
11934083,2
1374242,2
59036625,2
24345070,2
272896456,2
204050471,2
6612411,2
37885004,2
1083777,2
94477824,2
186366429,2
32053330,2
28880263,2
98613648,2
9300180,2
307485585,2
14696665,2
63297874,2
8789560,2
5384983,2
320024914,2
138498169,2
207786676,2
291992328,2
141978367,2
45375,2
55451964,2
22045426,2
131756784,2
8660996,2
359092924,2
31858654,2
138408239,2
18707232,2
56374060,2
12501610,2
14043807,2
62424385,2
3311231,2
162212068,2
1879678,2
203057453,2
21405937,2
20330850,2
1479288,2
3701369,2
326780535,2
3380773,2
39420161,2
353458487,2
176391,2
1440565,2
253130409,2
238922851,2
58406526,2
102747535,2
345247114,2
2663814,2
7247381,2
487187,2
6957346,2
40917570,2
135874855,2
69304175,2
18908465,2
169085497,2
260031818,2
16091447,2
5263233,2
147209541,2
15181700,2
20641489,2
247267564,2
47567160,2
19683126,2
605673,2
4207969,2
16769488,2
43603822,2
175102415,2
24634838,2
368356,2
60578430,2
447637747,2
143015711,2
90786728,2
142674153,2
3137988,2
4202742,2
18276602,2
224873795,2
20662152,2
34207405,2
51238337,2
286699,2
83070115,2
132217237,2
849036,2
5619374,2
3368070,2
74868411,2
15920826,2
2109947,2
5738916,2
14741928,2
2569336,2
34822573,2
29265011,2
396399,2
7008932,2
196184481,2
305724,2
33452420,2
13014328,2
96569244,2
176545180,2
48294207,2
18915650,2
4894926,2
47252750,2
100282866,2
65108518,2
7493371,2
89652648,2
4553131,2
18044266,2
146213243,2
9438402,2
1625290,2
179095856,2
694744,2
4917869,2
93978249,2
4758300,2
221199618,2
34368532,2
86156945,2
2820113,2
7966877,2
154145069,2
2228527,2
1141721,2
252792404,2
212566323,2
70628469,2
25057520,2
12925555,2
345243971,2
117143659,2
61213786,2
138618889,2
118220369,2
171365377,2
125732973,2
63198270,2
6630493,2
2626425,2
152729163,2
6345738,2
65325314,2
87301248,2
463721,2
138748520,2
2225334,2
62531980,2
139471829,2
49528538,2
26567580,2
26920665,2
29738493,2
1978072,2
10352343,2
8973158,2
54349200,2
41035413,2
20454015,2
13669803,2
4570710,2
1443865,2
43676331,2
146824171,2
91652944,2
132402620,2
275487855,2
19733600,2
1822292,2
165445290,2
2906620,2
276059,2
15462785,2
195519496,2
136963156,2
7786651,2
147764831,2
156686395,2
93439068,2
49381030,2
357028385,2
352594286,2
466926,2
228550,2
70474831,2
92322348,2
808070,2
22346563,2
881946,2
1766006,2
60679769,2
48447516,2
3023203,2
61756170,2
106220553,2
66177858,2
11051555,2
127326235,2
183523844,2
63943887,2
18260327,2
18214013,2
111038195,2
22114278,2
103501548,2
335919248,2
49706258,2
56382206,2
51538070,2
5471936,2
1530804,2
247067586,2
15931906,2
102939568,2
2454278,2
12794507,2
58506406,2
19411722,2
200118214,2
157796555,2
7153582,2
2720771,2
11239992,2
88533926,2
83725337,2
113322662,2
135160917,2
18310957,2
3810059,2
139841039,2
299746,2
196727,2
1557179,2
9150074,2
177990192,2
357066913,2
3309691,2
75122721,2
248056748,2
128459,2
135867590,2
1682386,2
137933678,2
162469542,2
74708157,2
10425074,2
99113233,2
1597042,2
14248589,2
22007846,2
87251288,2
1178602,2
374127,2
7486352,2
58194136,2
71040152,2
110168949,2
267636008,2
3735400,2
5904507,2
1899423,2
138185326,2
15270622,2
38489848,2
1700073,2
324485,2
92890281,2
8401870,2
260512896,2
83508017,2
112419777,2
1262360,2
521385,2
9147335,2
1682065,2
394343,2
14915363,2
99355209,2
156015187,2
6097194,2
170900248,2
124152,2
122054639,2
2617,2
21050117,2
19246440,2
675464,2
4031720,2
25220707,2
136613088,1
8022516,1
2714844,1
148319460,1
309307413,1
10691061,1
100237809,1
2495498,1
48163312,1
11932666,1
449838298,1
681720,1
1524237,1
1152345,1
6537745,1
228114464,1
1126931,1
5576629,1
68966934,1
963099,1
33290762,1
11332124,1
5536286,1
366772472,1
52113951,1
83081463,1
57115809,1
112325822,1
102445086,1
2973332,1
181169193,1
14326966,1
13198553,1
5080277,1
135236820,1
140556311,1
1409529,1
36237125,1
34924145,1
899582,1
83349754,1
1088002,1
240921092,1
15787189,1
29348098,1
8521757,1
116413671,1
559361,1
97840308,1
4918520,1
373249259,1
43500,1
86749961,1
136477994,1
665948,1
106357050,1
6822238,1
19344676,1
2055458,1
12786022,1
28690792,1
95867026,1
2098449,1
33852688,1
2365806,1
911728,1
39241733,1
414864870,1
13785379,1
21822726,1
4242251,1
17703297,1
12939554,1
9027973,1
266692897,1
2624812,1
10756441,1
2918744,1
2579766,1
79700277,1
1467717,1
6764854,1
1751359,1
150865217,1
19212289,1
299106621,1
235941180,1
219714875,1
16536887,1
21180674,1
34640215,1
51602737,1
9047344,1
608569,1
5189959,1
8415560,1
47348046,1
1855823,1
17646893,1
95120856,1
1581397,1
64180619,1
2708441,1
79103,1
7342548,1
2352373,1
370173169,1
7541014,1
10342859,1
8019523,1
29088019,1
7066948,1
93108087,1
88150483,1
303058104,1
6843679,1
16685335,1
82522382,1
73612361,1
105298394,1
18448648,1
6263263,1
12663266,1
872931,1
4665606,1
5164272,1
15657448,1
5922038,1
73676023,1
11259828,1
17572269,1
3054846,1
72069519,1
1237397,1
41822616,1
33393052,1
20530429,1
123498911,1
26250492,1
2988450,1
955643,1
1841439,1
21432605,1
34531760,1
6410526,1
118698953,1
237978873,1
89502135,1
124708877,1
26401855,1
287528677,1
123781573,1
627143,1
4342941,1
2071666,1
8870446,1
4353008,1
1831094,1
34716454,1
45206745,1
8263784,1
34495278,1
28123316,1
8616978,1
13113479,1
50645769,1
145182894,1
36119569,1
10900275,1
7091003,1
145084738,1
65158101,1
20239171,1
10507079,1
2182156,1
336589835,1
3485515,1
9839609,1
4315299,1
11227979,1
791575,1
4176055,1
2646116,1
5957821,1
7252740,1
147250214,1
65547075,1
158184199,1
84118280,1
39938241,1
957194,1
45191951,1
55087294,1
133561425,1
211936017,1
300063,1
56438874,1
5911587,1
36298936,1
21058331,1
182589535,1
7963421,1
114665735,1
33899297,1
25221922,1
3068707,1
246434636,1
289951854,1
25066242,1
10834767,1
164623223,1
20802484,1
46938267,1
118375297,1
10611220,1
55663538,1
86460569,1
34145201,1
38109332,1
328257693,1
6677385,1
20757386,1
13898635,1
19263630,1
5752290,1
15862672,1
4025236,1
1511554,1
92299840,1
39580571,1
266435490,1
1753224,1
3725447,1
142900086,1
1268590,1
64167479,1
114969552,1
67480556,1
3263312,1
42953792,1
103410660,1
61907933,1
5394594,1
14785366,1
224625497,1
2036695,1
199803290,1
25304014,1
198390715,1
3977859,1
89946725,1
122205143,1
1205511,1
5909344,1
41032646,1
11945643,1
3522315,1
5856190,1
7592095,1
98169895,1
8376522,1
8203420,1
3049533,1
15917232,1
7791177,1
8159288,1
26741880,1
6949153,1
7267782,1
393144912,1
18631256,1
40405600,1
6769252,1
35816037,1
1008233,1
184273974,1
332244,1
137443,1
151774,1
3283163,1
120781430,1
178385535,1
15325830,1
223807545,1
236106859,1
143864455,1
1213569,1
3906690,1
243509828,1
78171272,1
1463451,1
24730778,1
37786295,1
136555056,1
14220434,1
4736141,1
36588088,1
295524595,1
7421066,1
22725769,1
29417508,1
2544195,1
85440559,1
377127485,1
1302580,1
21795058,1
150731326,1
184078390,1
1709372,1
729328,1
4729069,1
136766017,1
47229580,1
12182161,1
76515409,1
123835027,1
132978755,1
1618655,1
57060064,1
23384894,1
5913931,1
96214074,1
11947064,1
134363878,1
24309275,1
6906601,1
1516597,1
44202055,1
14676174,1
20677531,1
135260365,1
115245812,1
1526516,1
16587510,1
14242859,1
20173171,1
9399336,1
7860983,1
2077678,1
22543332,1
12913728,1
116130525,1
141165645,1
82842263,1
20875936,1
1421995,1
228743413,1
31188065,1
46118284,1
144088069,1
181009498,1
12788817,1
9527989,1
211250252,1
10711771,1
4096216,1
113377981,1
417303236,1
37787475,1
335580228,1
234132547,1
183386176,1
258184934,1
23978709,1
545495,1
6175550,1
4428518,1
10627416,1
14134489,1
2292971,1
72258790,1
519697,1
54631007,1
93409,1
401518251,1
17274903,1
6470899,1
359574113,1
5591650,1
907875,1
66536036,1
11551944,1
41145542,1
330263793,1
168514134,1
1866872,1
63116550,1
142818579,1
34237713,1
597263,1
537356,1
18787593,1
28075910,1
633401,1
7142048,1
1450560,1
4516417,1
1276483,1
5745917,1
2680060,1
49779962,1
87234,1
1843307,1
5084350,1
9172090,1
165577860,1
580739,1
1952897,1
2344064,1
3945598,1
1783641,1
10835058,1
36465853,1
11697909,1
9093482,1
3705953,1
23829111,1
97565791,1
102151262,1
1737864,1
11234441,1
191093,1
92376770,1
233276556,1
230922396,1
29494421,1
3480731,1
97264796,1
113721964,1
1828000,1
21859497,1
47965303,1
43908275,1
5773931,1
135374004,1
14859451,1
1238292,1
3802396,1
156537833,1
11883946,1
54722,1
22826429,1
55258556,1
358362553,1
173431319,1
1224109,1
31499680,1
5606853,1
5122589,1
358305,1
152442262,1
405721630,1
102480312,1
3257742,1
5117272,1
8961479,1
9729310,1
667105,1
3620111,1
972262,1
201226,1
1247757,1
41065955,1
134797839,1
3057120,1
13946317,1
3274206,1
17780189,1
1564123,1
251346,1
71777743,1
2340302,1
137454976,1
270366074,1
10722675,1
47832367,1
1365322,1
498223,1
417091,1
6110527,1
15365430,1
79161085,1
8828206,1
44125553,1
16268587,1
4142378,1
2639144,1
137587036,1
23203105,1
11273504,1
97611,1
5630013,1
788288,1
38631975,1
2454926,1
2473303,1
21112207,1
107341148,1
30494045,1
472414,1
142894432,1
22170149,1
4861281,1
61972959,1
1889638,1
92501354,1
1279340,1
91444310,1
13937745,1
2326852,1
45779801,1
1702755,1
59216738,1
77562556,1
138742461,1
250145499,1
7138141,1
83980990,1
8635060,1
43713,1
7364932,1
1645387,1
8559911,1
623432,1
6150983,1
19509942,1
2456431,1
78631822,1
43577746,1
60607373,1
27630475,1
55366685,1
4840323,1
1172352,1
231705824,1
10685305,1
2503346,1
1856174,1
29066104,1
19112820,1
2415279,1
47753905,1
959344,1
6736581,1
136377150,1
80581386,1
1649369,1
21525270,1
86739733,1
20067090,1
15629071,1
4516617,1
343515912,1
2071299,1
22340296,1
12690172,1
15004043,1
6899,1
14152581,1
57817823,1
173177579,1
5200663,1
55701906,1
346245913,1
74666778,1
360688413,1
23182111,1
58858199,1
84757285,1
321075915,1
2650918,1
41716025,1
1166125,1
14689072,1
63312586,1
22842057,1
2917452,1
99109689,1
173783723,1
1831826,1
84796492,1
2259959,1
254622743,1
4330518,1
83966983,1
1263578,1
4088828,1
36107258,1
7437299,1
179080221,1
8514545,1
20198382,1
906214,1
3281868,1
5186528,1
99314698,1
1119258,1
8671866,1
2745236,1
5792820,1
7074890,1
107394114,1
6753345,1
1736248,1
171547707,1
1231925,1
7715167,1
333248,1
187221036,1
68801578,1
90153592,1
71717926,1
62252068,1
99789857,1
258304641,1
79608455,1
28546006,1
3074725,1
12182452,1
3929907,1
20800432,1
3144351,1
227365802,1
10742697,1
587501,1
3586699,1
15254432,1
7621533,1
13212327,1
171223721,1
165409686,1
47385493,1
101211616,1
2402745,1
125881,1
4805566,1
38033515,1
11697642,1
83479493,1
4854726,1
26534552,1
94919315,1
13669010,1
3881927,1
7214396,1
59696076,1
90541005,1
112354256,1
59449483,1
3296745,1
1703403,1
255222322,1
11954952,1
133804091,1
30400569,1
13504567,1
16021554,1
85219374,1
450895917,1
63227944,1
80255,1
6324261,1
97382786,1
55150628,1
5486983,1
292899606,1
546842,1
27795517,1
1505350,1
17893476,1
73934940,1
563830,1
94894178,1
1850332,1
17459577,1
41465950,1
196116573,1
8419418,1
168153163,1
18423897,1
137009238,1
184176723,1
33996881,1
2582909,1
11329613,1
71632920,1
1896846,1
935956,1
665552,1
3500000,1
14965147,1
9507238,1
134199719,1
137099222,1
155603,1
46622668,1
29030803,1
19240902,1
16109867,1
45982673,1
10166207,1
9458090,1
176263101,1
47341539,1
220876773,1
3346842,1
1587186,1
12955980,1
16509265,1
23824039,1
104560530,1
692217,1
214046718,1
99135491,1
2762756,1
6440554,1
21306181,1
343044111,1
197275313,1
2363411,1
266858595,1
53919845,1
18197997,1
65939712,1
220682506,1
60072201,1
26237279,1
15551841,1
208830725,1
272288004,1
65452286,1
23423244,1
60120598,1
21801208,1
34246903,1
55693555,1
41326834,1
12073419,1
82809724,1
3387663,1
247591282,1
43044923,1
700715,1
43270458,1
17838375,1
11352659,1
13400354,1
1182029,1
2351385,1
136163358,1
69667153,1
113530167,1
9607511,1
17490264,1
63392020,1
167815513,1
1171693,1
148500711,1
176589737,1
263605358,1
119982220,1
1753850,1
103690375,1
15562886,1
23588995,1
105078913,1
139552896,1
53858531,1
40669527,1
179535989,1
14956658,1
1529966,1
278637,1
18377069,1
53347414,1
35004569,1
1663336,1
7098531,1
960692,1
99862129,1
288172220,1
126464195,1
975049,1
936140,1
208292917,1
74666191,1
182241699,1
1048785,1
954583,1
10597678,1
26700000,1
43131672,1
2445241,1
9464838,1
1859800,1
223821467,1
140480149,1
8240787,1
5191314,1
3206801,1
17833615,1
17354381,1
16533152,1
257492297,1
160334989,1
4757118,1
47522280,1
181884,1
20889150,1
4139493,1
4953762,1
98213807,1
16580275,1
128643550,1
339653,1
3974848,1
80580281,1
2851300,1
57312578,1
339924780,1
8031909,1
88923823,1
3278508,1
12500651,1
562858,1
31985321,1
20248230,1
13531941,1
14863977,1
198782565,1
692738,1
7019003,1
14755364,1
585249,1
62057230,1
472598,1
2164244,1
9309713,1
27470453,1
139888144,1
47872519,1
6716927,1
5027318,1
226080242,1
580849,1
78829098,1
3404282,1
72217078,1
3474992,1
220495411,1
216629,1
86883895,1
11089466,1
6229638,1
159305,1
96575240,1
12233197,1
1160055,1
8126956,1
13114963,1
124557803,1
1300058,1
5758663,1
9766600,1
402900315,1
7311173,1
174521,1
5248508,1
395724632,1
29341526,1
3668411,1
12908358,1
136706700,1
38775561,1
32253764,1
5005123,1
12298275,1
13084476,1
17272633,1
1457975,1
4259679,1
438121,1
138389356,1
726894,1
64747378,1
59503030,1
40728442,1
11698043,1
4753314,1
255480833,1
1898386,1
150554516,1
7794589,1
168272304,1
55672735,1
47232930,1
322971977,1
5121844,1
69619358,1
31903441,1
421609,1
15261431,1
103440115,1
9535215,1
2573951,1
8005356,1
43638507,1
45794401,1
1660718,1
10925794,1
368978604,1
20254023,1
100966116,1
4947667,1
17864402,1
15389138,1
73058040,1
977361,1
273145603,1
40750853,1
89392424,1
2619851,1
294675,1
216853,1
38682,1
687899,1
4555208,1
7872291,1
25478948,1
242577862,1
8189738,1
5984045,1
38260642,1
2203644,1
25748813,1
19784147,1
53721548,1
4823492,1
3080643,1
1649090,1
50106817,1
584122,1
58857912,1
127413,1
92372426,1
369071,1
40470958,1
1559959,1
7410089,1
9773471,1
114002334,1
45965723,1
6650939,1
2514,1
7385557,1
53385468,1
145361370,1
458232333,1
39270924,1
17309406,1
327130353,1
77519364,1
10811357,1
56542674,1
1149434,1
9433593,1
259217912,1
749854,1
23661038,1
7653858,1
10384761,1
17908191,1
53554125,1
65769949,1
111636889,1
2902422,1
86636948,1
4815248,1
21270841,1
4626744,1
63600944,1
2574634,1
158101797,1
58562852,1
36626719,1
19403033,1
94552339,1
154339602,1
54126862,1
107510028,1
37144842,1
3141897,1
7041285,1
307638529,1
146020608,1
10723643,1
157313342,1
1304920,1
5665137,1
32596367,1
296128909,1
69781890,1
2234752,1
49895804,1
136573305,1
5497207,1
47946096,1
32098638,1
95754600,1
92035428,1
23650655,1
1210716,1
14285144,1
2136555,1
15745359,1
27904526,1
113304083,1
94925333,1
114668245,1
17165070,1
184357641,1
88349444,1
261202691,1
139021058,1
122067708,1
80923378,1
29780718,1
871146,1
1346326,1
3308264,1
57494246,1
96625379,1
89248481,1
183030493,1
130582061,1
2192089,1
305689361,1
22278937,1
395571997,1
57451331,1
50901220,1
55771995,1
94978903,1
89878032,1
1096528,1
2878282,1
259152708,1
19295034,1
2681630,1
217117497,1
2964280,1
3310391,1
987957,1
98550579,1
34491145,1
186471205,1
42607319,1
6785746,1
23806487,1
66431694,1
31351407,1
17174438,1
24674919,1
50442853,1
29221459,1
11233874,1
1516103,1
98173507,1
7756348,1
26073656,1
33882679,1
9347635,1
2886194,1
1167913,1
2439716,1
43584034,1
2179611,1
92490354,1
228956812,1
8345542,1
92768954,1
180867789,1
890236,1
26962634,1
34935497,1
133429956,1
60039875,1
5145279,1
4213430,1
73786003,1
19714741,1
85566131,1
1952542,1
8966829,1
5331628,1
6439595,1
18119328,1
114130,1
399608,1
4599439,1
23132036,1
1038204,1
6305652,1
495471,1
700267,1
25775975,1
145057638,1
29638501,1
65652574,1
76764559,1
199043060,1
2930512,1
236713800,1
2324292,1
14872081,1
23854914,1
256220981,1
5050159,1
46868354,1
9351047,1
942327,1
3022729,1
2992074,1
609344,1
4257736,1
208764640,1
8359867,1
16533430,1
179889554,1
324756149,1
181247917,1
5732268,1
42153896,1
103589794,1
171129186,1
20572058,1
3338127,1
5173131,1
13436810,1
6346540,1
125634346,1
76209957,1
264181532,1
68118218,1
78767814,1
40303911,1
2760373,1
15208111,1
204986028,1
54921838,1
69109414,1
15388323,1
2301601,1
112496287,1
8441499,1
166028954,1
6463129,1
28509846,1
33871508,1
180954770,1
3061452,1
12981968,1
16973525,1
90590943,1
1265435,1
2184984,1
82358035,1
17032978,1
19396364,1
149258,1
134065923,1
87961339,1
266436313,1
9455354,1
148184821,1
206573299,1
43613929,1
15539941,1
72160133,1
323447180,1
28428250,1
12517345,1
126857187,1
6539378,1
52840626,1
12105904,1
120783019,1
52285609,1
3244199,1
16865444,1
161054883,1
182434,1
120772,1
22935708,1
17320082,1
137050248,1
52799861,1
1271930,1
86102137,1
1902710,1
1642613,1
3039411,1
80402612,1
302395573,1
157083058,1
5355760,1
702696,1
1276132,1
5871840,1
6408414,1
362690780,1
2572507,1
3571178,1
9197752,1
25237546,1
54755539,1
1646799,1
24940745,1
20785346,1
94040257,1
17072315,1
25294964,1
122249323,1
135596006,1
21330024,1
4536348,1
122769433,1
2441239,1
8798227,1
5306384,1
13510662,1
141979649,1
5230187,1
199448572,1
3702777,1
245749,1
13265233,1
3661809,1
10827760,1
13290445,1
9244193,1
565225,1
2437149,1
115984418,1
653352,1
33960005,1
22675555,1
7370844,1
264282,1
6250375,1
234711118,1
144633929,1
103071815,1
1310338,1
193361964,1
534594,1
148062267,1
5609528,1
49472265,1
88715313,1
9502767,1
78344237,1
4485989,1
11762536,1
10070890,1
1375932,1
44244644,1
642722,1
79826590,1
3217053,1
53808794,1
32741017,1
25575060,1
7251603,1
1797778,1
41582224,1
1275533,1
314695300,1
15619072,1
225787485,1
133887613,1
1537657,1
216673910,1
135079591,1
177857,1
4057966,1
1593026,1
116702964,1
134375151,1
96769773,1
5345002,1
130451962,1
165201635,1
88710880,1
32509662,1
159092442,1
5222098,1
21147342,1
12284862,1
48231804,1
179179210,1
2196181,1
15388358,1
96432323,1
23041653,1
17368687,1
519790,1
3210856,1
2547212,1
12322315,1
2881033,1
9291271,1
5125637,1
10374658,1
133955068,1
18920953,1
6792738,1
21276147,1
120446444,1
170272235,1
3257257,1
23502304,1
143031450,1
35261914,1
11310553,1
988607,1
8146450,1
6831636,1
41150019,1
78386628,1
61598325,1
109321816,1
42012261,1
2700873,1
239875653,1
4841028,1
847422,1
3839509,1
243257,1
1867316,1
1762867,1
62916143,1
65383982,1
69162,1
407066153,1
46774009,1
273796858,1
806654,1
34687,1
9846716,1
36638646,1
333731765,1
280499,1
59322286,1
33808296,1
6927031,1
1597348,1
6623138,1
69351329,1
9519826,1
84311960,1
3026838,1
364430,1
369235853,1
185794691,1
993163,1
7647166,1
14157759,1
16242625,1
3667929,1
11116528,1
262621159,1
30193633,1
716766,1
899037,1
5585583,1
132114395,1
29820887,1
111925861,1
1707990,1
132126677,1
9291731,1
52547538,1
12937167,1
23195598,1
11540429,1
377019,1
1929086,1
10311425,1
2160509,1
20854581,1
2715442,1
57863982,1
50988839,1
70023053,1
5418786,1
169576219,1
5031703,1
34434838,1
349973,1
313728784,1
126743241,1
2338570,1
2256634,1
884488,1
27412231,1
11626243,1
15150902,1
55097,1
73334559,1
143396706,1
1023868,1
10439932,1
30379898,1
1412978,1
1107819,1
148330345,1
2381055,1
6209376,1
157165375,1
3166046,1
18607962,1
172857173,1
60591954,1
10123089,1
50574809,1
4456455,1
158606807,1
54781395,1
904654,1
101506028,1
65967157,1
265661490,1
8990173,1
370304047,1
617518,1
14601254,1
142400528,1
4680718,1
4230154,1
1385042,1
99355654,1
19902240,1
39320580,1
3851263,1
42957820,1
22567928,1
14059642,1
187968566,1
3769411,1
4654151,1
133819494,1
5751927,1
166472822,1
1233322,1
1928306,1
289746030,1
16036969,1
61873256,1
34600037,1
28265546,1
43891812,1
19246174,1
3423324,1
165704793,1
6495316,1
13014097,1
20847692,1
6172193,1
336875,1
138469526,1
23385065,1
19295150,1
257297322,1
47149993,1
1586085,1
1973152,1
12037022,1
951195,1
13654818,1
21554067,1
44658711,1
44278667,1
11146113,1
10525568,1
26946430,1
86496125,1
17271,1
25343174,1
22750127,1
83354547,1
195247032,1
137257943,1
95470801,1
43477986,1
3318751,1
7230429,1
107453404,1
3296218,1
16176089,1
102409171,1
2331577,1
56882129,1
14201805,1
124193744,1
71863238,1
1872833,1
1242045,1
97556341,1
9823355,1
3241089,1
112827844,1
12981682,1
55578693,1
70519575,1
8672291,1
81244,1
125947226,1
2266457,1
94040554,1
12418388,1
289279314,1
3915088,1
355658,1
52847943,1
56122692,1
37053755,1
42426564,1
99073328,1
2034986,1
763222,1
137224368,1
4414840,1
6303134,1
20284863,1
11367657,1
5350843,1
307516853,1
136175028,1
161267465,1
3386790,1
97684,1
6626400,1
1932688,1
82483440,1
209450381,1
68654469,1
1838466,1
5973375,1
3894654,1
1984147,1
88442147,1
1498252,1
90035489,1
18570448,1
16811211,1
145063100,1
18932919,1
5307572,1
58381489,1
3564719,1
6462636,1
208214367,1
3374451,1
180233379,1
1060002,1
3785887,1
67632284,1
5086356,1
8742035,1
23141520,1
146890218,1
20579547,1
58973404,1
27515946,1
169442588,1
62076185,1
19227927,1
14558483,1
17501454,1
19764489,1
142984455,1
20401923,1
100758749,1
144781,1
50117872,1
264410349,1
2876651,1
6092009,1
8819941,1
48315616,1
16017,1
407180,1
15242575,1
144974740,1
63488098,1
677977,1
773340,1
804947,1
14934090,1
40156411,1
448507968,1
2789436,1
14049338,1
95258679,1
2332725,1
106033204,1
369874989,1
9385541,1
2205727,1
283942942,1
38209563,1
10475621,1
148045930,1
35299206,1
103571566,1
75790505,1
40319141,1
3129506,1
243189919,1
24936598,1
2718315,1
73150612,1
2572434,1
4862096,1
59416718,1
5894276,1
15466626,1
4518012,1
39493750,1
9721973,1
16917180,1
8970354,1
2392090,1
66498584,1
5976084,1
272399,1
15232189,1
1568696,1
1597125,1
13553588,1
85309363,1
27852722,1
1140653,1
57358251,1
18153382,1
487332,1
9623459,1
151822242,1
176172952,1
669591,1
4177806,1
17336201,1
3198856,1
77756,1
85956138,1
2025409,1
2254821,1
1130510,1
5154809,1
74004471,1
121929714,1
2916334,1
126849004,1
66701289,1
182855649,1
85552169,1
16433118,1
360730588,1
18151387,1
55354991,1
361709526,1
138516435,1
190590928,1
3006634,1
41711789,1
1579185,1
13832488,1
224076166,1
3402115,1
9492865,1
6576497,1
62384495,1
42263231,1
2468203,1
3744106,1
25246057,1
643367,1
454174,1
1241420,1
9804105,1
83048773,1
27081025,1
4762897,1
12968250,1
173396360,1
25270669,1
8118678,1
33120911,1
58016206,1
70416845,1
36159946,1
32365001,1
147993720,1
6431663,1
30865849,1
16757172,1
2339224,1
21061385,1
45103537,1
58368426,1
4245923,1
5845408,1
3385759,1
10019799,1
16539958,1
6761265,1
6750386,1
116046109,1
26845406,1
4421853,1
33638619,1
36608217,1
94424,1
23591125,1
362453197,1
28618956,1
76055141,1
2517191,1
3086533,1
9113796,1
38267075,1
2609344,1
100092091,1
83998905,1
41586868,1
2877663,1
229602,1
72175844,1
240666046,1
19738908,1
5237019,1
83007769,1
889112,1
727313,1
114110736,1
98158855,1
16601348,1
80775399,1
30167296,1
3834110,1
10316023,1
68155637,1
1485043,1
2785522,1
15853803,1
397025898,1
210819,1
2588297,1
8773130,1
135695872,1
8549883,1
4228601,1
2625016,1
55387682,1
134835696,1
11667021,1
39075306,1
3890662,1
7637103,1
2110947,1
24694196,1
413740512,1
16358878,1
12750300,1
37258713,1
467807704,1
20051463,1
7763471,1
1556354,1
2362896,1
28347992,1
138253903,1
144428620,1
2678346,1
2057801,1
61226566,1
63399481,1
1484341,1
77303348,1
131716651,1
1623593,1
16107045,1
2807331,1
237082,1
3472918,1
170692116,1
51256850,1
74458495,1
5912477,1
38165970,1
2651599,1
146165112,1
3862995,1
206197,1
4773235,1
197188978,1
49726280,1
64697931,1
1246565,1
168521060,1
364142182,1
1113442,1
1008993,1
1781088,1
5102942,1
40182920,1
33918296,1
237901143,1
2997626,1
2431711,1
9428362,1
54189498,1
345634,1
4234698,1
217662917,1
486852,1
256716446,1
462272,1
4355515,1
137131447,1
26998159,1
20442548,1
13936049,1
71044528,1
300688805,1
195741081,1
2545043,1
5195153,1
16696925,1
76447326,1
2582117,1
106862327,1
1038127,1
454444,1
12289833,1
70545192,1
47845156,1
4960032,1
7206687,1
165588730,1
247573,1
12320798,1
33462031,1
2519204,1
20080978,1
12181254,1
18181,1
140159944,1
34955460,1
25085745,1
20442932,1
10315573,1
94160729,1
915319,1
38707046,1
142004064,1
93329247,1
38217565,1
28716892,1
110393179,1
37652305,1
8593206,1
189302605,1
46706504,1
6844228,1
176152386,1
1300287,1
240447288,1
49510199,1
6960891,1
98277107,1
305383856,1
40290033,1
125703847,1
74860185,1
8289542,1
720530,1
2707088,1
16613006,1
6121101,1
827018,1
83961481,1
3614341,1
4707971,1
37789314,1
18445939,1
135079537,1
3086925,1
2676331,1
126568,1
6508200,1
16279209,1
33271468,1
878289,1
7184102,1
12576485,1
37007076,1
20018915,1
14048990,1
66453206,1
48803540,1
327134928,1
32333486,1
22941388,1
93945542,1
1978052,1
241842009,1
1793726,1
24529479,1
36001455,1
8632785,1
99385810,1
9738709,1
3148182,1
184376585,1
64314629,1
93831652,1
89457914,1
149263608,1
189959415,1
144983282,1
19680491,1
37338345,1
3697891,1
8062178,1
10636511,1
60728530,1
7398610,1
61064390,1
6921413,1
1094017,1
138745112,1
22545698,1
103989722,1
4517163,1
99279576,1
234262295,1
41741675,1
15455738,1
2092391,1
96657282,1
190940514,1
9835868,1
2991446,1
19238215,1
122116421,1
12849447,1
103621954,1
34546840,1
1277245,1
3372348,1
182580532,1
3243193,1
10185683,1
248356017,1
5893295,1
31726693,1
135787620,1
87321695,1
17900772,1
135642205,1
77501528,1
94870609,1
13524053,1
2479188,1
4238419,1
52569170,1
58655221,1
16792653,1
477220,1
670789,1
345756740,1
134220867,1
3266210,1
89920616,1
100916329,1
37907595,1
75957422,1
13610151,1
3325093,1
19745951,1
1649819,1
41436306,1
9308465,1
211648204,1
11211888,1
20708481,1
8842367,1
286500485,1
28763258,1
3464313,1
137633833,1
141807166,1
11490684,1
11183486,1
121408903,1
841220,1
376393,1
1078856,1
20164167,1
45360710,1
4781636,1
49503809,1
3749440,1
242832956,1
132535864,1
4738615,1
22315827,1
5877287,1
134413861,1
15732259,1
8300058,1
2211353,1
126916116,1
1224267,1
3099025,1
92087890,1
187352855,1
39859848,1
12078719,1
53601997,1
38654795,1
13328599,1
1900153,1
41629300,1
89304683,1
25548372,1
1229641,1
122097500,1
276981350,1
11325027,1
41813853,1
9133661,1
39947867,1
252759563,1
97789442,1
194401672,1
5425785,1
4814272,1
254412222,1
16364976,1
26719660,1
15607210,1
587168,1
183711,1
131554717,1
1889692,1
95192474,1
209180056,1
14011799,1
1621397,1
57720670,1
4261266,1
51375365,1
17544588,1
4945348,1
6661574,1
20780488,1
121128418,1
115813887,1
165381630,1
3241468,1
447220835,1
43470327,1
12041717,1
78398958,1
59014625,1
1244617,1
159199,1
2528732,1
361938,1
1709520,1
599502,1
18683340,1
7120330,1
12100040,1
420927,1
23215165,1
123402861,1
203437,1
4829868,1
77400747,1
230058,1
55589545,1
278594214,1
132741797,1
70750884,1
127566494,1
3062425,1
2716312,1
5548679,1
2429980,1
90747723,1
19352183,1
15637109,1
4461168,1
19565231,1
153373367,1
9140921,1
22149861,1
18526988,1
16362235,1
195321,1
3431149,1
133440061,1
8825282,1
20587617,1
6261475,1
17556154,1
6595298,1
7233171,1
88263387,1
257999015,1
828114,1
10855114,1
7596739,1
4854954,1
21096,1
40280862,1
5679719,1
1946172,1
37806650,1
612921,1
212699703,1
156179071,1
13902386,1
668208,1
1163822,1
20034092,1
789023,1
5968408,1
101741064,1
6371837,1
4442615,1
22600017,1
34091484,1
28843748,1
2730559,1
24494115,1
3439169,1
10433112,1
4870756,1
22637155,1
11983457,1
340925021,1
32854620,1
7922266,1
10107481,1
1598038,1
9290310,1
5284434,1
11433181,1
9423439,1
3856973,1
12077871,1
6185546,1
20032071,1
89643805,1
2530081,1
3257396,1
17374121,1
1463272,1
29548009,1
5200861,1
431064,1
33197015,1
99655819,1
5639123,1
20069329,1
169573325,1
2372556,1
269439944,1
1194949,1
33575876,1
2067395,1
345467831,1
14728117,1
49888177,1
11624380,1
19594233,1
3595261,1
92458007,1
84632622,1
23067693,1
84714958,1
4017187,1
49476636,1
6016648,1
4011032,1
122477509,1
45386751,1
2159636,1
224871442,1
11140113,1
69796878,1
80856612,1
162921477,1
97213049,1
41453897,1
12242746,1
3257128,1
150807462,1
87518055,1
8307554,1
652128,1
174410587,1
4748038,1
65315666,1
439120,1
3701573,1
40463171,1
299586368,1
15870783,1
14750520,1
616440,1
32273204,1
33375026,1
11148081,1
1354543,1
70177640,1
3832367,1
196598641,1
38325139,1
3109796,1
90950563,1
50081175,1
809889,1
8295324,1
4146070,1
2833301,1
14842765,1
65880946,1
73450378,1
146938753,1
141486975,1
15956861,1
204472153,1
5391226,1
17265524,1
298508230,1
